file	ecosia_markers	added_lines	removed_lines	status
firefox-ios/Client/Application/AccessibilityIdentifiers.swift	3	22	0	OK
firefox-ios/Client/Application/AppDelegate.swift	21	149	1	OK
firefox-ios/Client/Application/AppLaunchUtil.swift	1	21	0	OK
firefox-ios/Client/Application/RemoteSettings/Application Services/ASRemoteSettingsCollection.swift	1	3	1	OK
firefox-ios/Client/Application/RemoteSettings/Application Services/ASSearchEngineIconDataFetcher.swift	1	3	1	OK
firefox-ios/Client/Application/RemoteSettings/Application Services/ASSearchEngineProvider.swift	1	5	3	OK
firefox-ios/Client/Application/RemoteSettings/Application Services/ASSearchEngineSelector.swift	1	6	1	OK
firefox-ios/Client/Application/RemoteSettings/Application Services/ASSummarizerRemoteConfig.swift	1	4	1	OK
firefox-ios/Client/Application/UnitTestAppDelegate.swift	2	8	0	OK
firefox-ios/Client/Application/WebServer.swift	1	6	3	OK
firefox-ios/Client/Application/WindowManager.swift	3	46	0	OK
firefox-ios/Client/Coordinators/Browser/BrowserCoordinator.swift	4	45	0	OK
firefox-ios/Client/Coordinators/Launch/LaunchCoordinator.swift	4	74	36	OK
firefox-ios/Client/Coordinators/Scene/SceneCoordinator.swift	3	52	2	OK
firefox-ios/Client/Ecosia/Account/Auth/EcosiaAuthFlow.swift	NA	NA	NA	NO_BASELINE_AT_147.1
firefox-ios/Client/Ecosia/Account/Auth/InvisibleTabSession.swift	NA	NA	NA	NO_BASELINE_AT_147.1
firefox-ios/Client/Ecosia/Account/Auth/TabManagement/TabAutoCloseManager.swift	NA	NA	NA	NO_BASELINE_AT_147.1
firefox-ios/Client/Ecosia/Extensions/BrowserCoordinator+Ecosia.swift	NA	NA	NA	NO_BASELINE_AT_147.1
firefox-ios/Client/Ecosia/Extensions/BrowserViewController+Ecosia.swift	NA	NA	NA	NO_BASELINE_AT_147.1
firefox-ios/Client/Ecosia/Extensions/BrowserViewController+Omnibox.swift	NA	NA	NA	NO_BASELINE_AT_147.1
firefox-ios/Client/Ecosia/Extensions/DispatchQueueHelper+BuildChannel.swift	NA	NA	NA	NO_BASELINE_AT_147.1
firefox-ios/Client/Ecosia/Extensions/HomepageDiffableDataSource+EcosiaSnapshot.swift	NA	NA	NA	NO_BASELINE_AT_147.1
firefox-ios/Client/Ecosia/Extensions/HomepageSectionLayoutProvider+Ecosia.swift	NA	NA	NA	NO_BASELINE_AT_147.1
firefox-ios/Client/Ecosia/Extensions/HomepageViewController+EcosiaCells.swift	NA	NA	NA	NO_BASELINE_AT_147.1
firefox-ios/Client/Ecosia/Extensions/HomepageViewController+EcosiaContextMenu.swift	NA	NA	NA	NO_BASELINE_AT_147.1
firefox-ios/Client/Ecosia/Extensions/HomepageViewController+EcosiaSetup.swift	NA	NA	NA	NO_BASELINE_AT_147.1
firefox-ios/Client/Ecosia/Extensions/SimpleToast+Ecosia.swift	NA	NA	NA	NO_BASELINE_AT_147.1
firefox-ios/Client/Ecosia/Extensions/TabManager+InvisibleTab.swift	NA	NA	NA	NO_BASELINE_AT_147.1
firefox-ios/Client/Ecosia/Extensions/UIButton+Ecosia.swift	NA	NA	NA	NO_BASELINE_AT_147.1
firefox-ios/Client/Ecosia/Frontend/Home/EcosiaHomepageAdapter.swift	NA	NA	NA	NO_BASELINE_AT_147.1
firefox-ios/Client/Ecosia/Frontend/Home/EcosiaHomepageProtocols.swift	NA	NA	NA	NO_BASELINE_AT_147.1
firefox-ios/Client/Ecosia/Frontend/Home/EcosiaHomepageSectionType.swift	NA	NA	NA	NO_BASELINE_AT_147.1
firefox-ios/Client/Ecosia/Frontend/Home/TopSites/Cell/EcosiaTopSiteItemCell.swift	NA	NA	NA	NO_BASELINE_AT_147.1
firefox-ios/Client/Ecosia/Frontend/Home/TopSites/EcosiaGoogleTopSiteManager.swift	NA	NA	NA	NO_BASELINE_AT_147.1
firefox-ios/Client/Ecosia/RecoveredFromUpgrade/LegacySessionData.swift	NA	NA	NA	NO_BASELINE_AT_147.1
firefox-ios/Client/Ecosia/Search/EcosiaSearchEngineProvider.swift	NA	NA	NA	NO_BASELINE_AT_147.1
firefox-ios/Client/Ecosia/Settings/EcosiaSettings.swift	NA	NA	NA	NO_BASELINE_AT_147.1
firefox-ios/Client/Ecosia/Telemetry/FakeGleanWrapper.swift	NA	NA	NA	NO_BASELINE_AT_147.1
firefox-ios/Client/Ecosia/UI/EcosiaFindInPageBar.swift	NA	NA	NA	NO_BASELINE_AT_147.1
firefox-ios/Client/Ecosia/UI/FilterController.swift	NA	NA	NA	NO_BASELINE_AT_147.1
firefox-ios/Client/Ecosia/UI/LoadingScreen.swift	NA	NA	NA	NO_BASELINE_AT_147.1
firefox-ios/Client/Ecosia/UI/MarketsController.swift	NA	NA	NA	NO_BASELINE_AT_147.1
firefox-ios/Client/Ecosia/UI/MultiplyImpact/MultiplyImpact.swift	NA	NA	NA	NO_BASELINE_AT_147.1
firefox-ios/Client/Ecosia/UI/NTP/CircleButton.swift	NA	NA	NA	NO_BASELINE_AT_147.1
firefox-ios/Client/Ecosia/UI/NTP/Header/NTPHeader.swift	NA	NA	NA	NO_BASELINE_AT_147.1
firefox-ios/Client/Ecosia/UI/NTP/Impact/NTPImpactCell.swift	NA	NA	NA	NO_BASELINE_AT_147.1
firefox-ios/Client/Ecosia/UI/NTP/Impact/NTPImpactGlassBackgroundView.swift	NA	NA	NA	NO_BASELINE_AT_147.1
firefox-ios/Client/Ecosia/UI/NTP/Impact/NTPImpactRowView.swift	NA	NA	NA	NO_BASELINE_AT_147.1
firefox-ios/Client/Ecosia/UI/NTP/Library/NTPLibraryCell.swift	NA	NA	NA	NO_BASELINE_AT_147.1
firefox-ios/Client/Ecosia/UI/PageAction/PageActionMenu.swift	NA	NA	NA	NO_BASELINE_AT_147.1
firefox-ios/Client/Ecosia/UI/PageAction/PageActionMenuCell.swift	NA	NA	NA	NO_BASELINE_AT_147.1
firefox-ios/Client/Ecosia/UI/PageAction/PageActionsShortcutsHeader.swift	NA	NA	NA	NO_BASELINE_AT_147.1
firefox-ios/Client/Ecosia/UI/StartAtHome/EcosiaStartAtHomeMiddleware.swift	NA	NA	NA	NO_BASELINE_AT_147.1
firefox-ios/Client/Ecosia/UI/Theme/EcosiaThemeManager.swift	NA	NA	NA	NO_BASELINE_AT_147.1
firefox-ios/Client/Frontend/Browser/BrowserViewController/Actions/GeneralBrowserAction.swift	2	4	0	OK
firefox-ios/Client/Frontend/Browser/BrowserViewController/Extensions/BrowserViewController+WebViewDelegates.swift	3	17	0	OK
firefox-ios/Client/Frontend/Browser/BrowserViewController/State/BrowserViewControllerState.swift	4	36	0	OK
firefox-ios/Client/Frontend/Browser/BrowserViewController/Views/BrowserViewController.swift	27	346	14	OK
firefox-ios/Client/Frontend/Browser/Event Queue/AppEvent.swift	1	2	0	OK
firefox-ios/Client/Frontend/Browser/MainMenu/MainMenuConfigurationUtility.swift	10	138	10	OK
firefox-ios/Client/Frontend/Browser/MainMenu/MainMenuCoordinator.swift	3	18	0	OK
firefox-ios/Client/Frontend/Browser/MainMenu/Redux/MainMenuMiddleware.swift	1	3	0	OK
firefox-ios/Client/Frontend/Browser/MainMenu/Redux/MenuNavigationDestination.swift	4	11	1	OK
firefox-ios/Client/Frontend/Browser/Search/SearchViewController.swift	16	139	0	OK
firefox-ios/Client/Frontend/Browser/SearchEngines/OpenSearchEngine.swift	1	10	0	OK
firefox-ios/Client/Frontend/Browser/SearchEngines/SearchEnginesManager.swift	5	46	1	OK
firefox-ios/Client/Frontend/Browser/Tabs/Views/EmptyPrivateTabsView.swift	1	81	0	OK
firefox-ios/Client/Frontend/Browser/Tabs/Views/ExperimentEmptyPrivateTabsView.swift	1	81	0	OK
firefox-ios/Client/Frontend/Browser/Toolbars/AddressToolbarContainer.swift	3	22	0	OK
firefox-ios/Client/Frontend/Browser/Toolbars/Models/AddressToolbarContainerModel.swift	5	74	3	OK
firefox-ios/Client/Frontend/Browser/Toolbars/Models/NavigationToolbarContainerModel.swift	1	5	0	OK
firefox-ios/Client/Frontend/Browser/Toolbars/Redux/AddressBarState.swift	3	40	2	OK
firefox-ios/Client/Frontend/Browser/Toolbars/Redux/NavigationBarState.swift	2	34	0	OK
firefox-ios/Client/Frontend/Browser/Toolbars/Redux/ToolbarActionConfiguration.swift	2	7	0	OK
firefox-ios/Client/Frontend/Browser/Toolbars/Redux/ToolbarMiddleware.swift	2	22	0	OK
firefox-ios/Client/Frontend/ContextualHint/ContextualHintViewController.swift	1	2	0	OK
firefox-ios/Client/Frontend/Home/Homepage/HomepageDiffableDataSource.swift	6	43	2	OK
firefox-ios/Client/Frontend/Home/Homepage/HomepageViewController.swift	26	200	12	OK
firefox-ios/Client/Frontend/Home/Homepage/Layout/HomepageSectionLayoutProvider.swift	2	10	0	OK
firefox-ios/Client/Frontend/Home/Homepage/Layout/TopSitesSectionLayoutProvider.swift	1	2	0	OK
firefox-ios/Client/Frontend/Home/Homepage/TopSites/TopSiteCell.swift	12	115	2	OK
firefox-ios/Client/Frontend/Home/Homepage/Wallpapers/WallpaperBackgroundView.swift	2	34	0	OK
firefox-ios/Client/Frontend/Home/Homepage/Wallpapers/v1/Models/Wallpaper.swift	3	45	0	OK
firefox-ios/Client/Frontend/Home/PrivateHome/PrivateHomepageViewController.swift	2	53	0	OK
firefox-ios/Client/Frontend/Home/PrivateHome/PrivateMessageCardCell.swift	4	107	1	OK
firefox-ios/Client/Frontend/Library/Bookmarks/BookmarksViewController.swift	3	200	1	OK
firefox-ios/Client/Frontend/PasswordManagement/PasswordManagerListViewController.swift	1	22	0	OK
firefox-ios/Client/Frontend/Settings/ClearPrivateDataTableViewController.swift	2	4	0	OK
firefox-ios/Client/Frontend/Settings/HomepageSettings/HomePageSettingViewController.swift	1	43	1	OK
firefox-ios/Client/Frontend/Settings/Main/AppSettingsTableViewController.swift	3	145	0	OK
firefox-ios/Client/Frontend/Settings/SearchEnginePicker.swift	1	3	0	OK
firefox-ios/Client/Frontend/Settings/SearchSettingsTableViewController.swift	10	60	1	OK
firefox-ios/Client/Frontend/Settings/WebsiteDataManagement/WebsiteDataManagementViewController.swift	2	4	0	OK
firefox-ios/Client/Frontend/Share/ShareTelemetry.swift	1	3	0	OK
firefox-ios/Client/Frontend/TrackingProtection/TrackingProtectionViewController.swift	5	26	4	OK
firefox-ios/Client/Frontend/Widgets/SiteTableViewController.swift	1	21	2	OK
firefox-ios/Client/IntroScreenManager.swift	1	10	0	OK
firefox-ios/Client/TabManagement/Tab.swift	2	23	3	OK
firefox-ios/Client/TabManagement/TabManagerImplementation.swift	6	52	2	OK
firefox-ios/Client/TabManagement/TabWebViewPreview.swift	1	9	0	OK
firefox-ios/Client/Telemetry/GleanWrapper.swift	3	30	25	OK
firefox-ios/Client/Telemetry/HistoryDeletionUtilityTelemetry.swift	1	3	0	OK
firefox-ios/Client/Telemetry/HomepageTelemetry.swift	1	4	0	OK
firefox-ios/Client/Telemetry/TelemetryWrapper.swift	11	45	7	OK
firefox-ios/Client/Telemetry/WebviewTelemetry.swift	3	3	0	OK
firefox-ios/Project.swift	NA	NA	NA	NO_BASELINE_AT_147.1
firefox-ios/firefox-ios-tests/Tests/ClientTests/Application/AppSendTabDelegateTests.swift	1	23	23	OK
firefox-ios/firefox-ios-tests/Tests/ClientTests/Application/MockUIApplication.swift	1	5	0	OK
firefox-ios/firefox-ios-tests/Tests/ClientTests/Autofill/AddressListViewModelTests.swift	2	25	40	OK
firefox-ios/firefox-ios-tests/Tests/ClientTests/Autofill/AddressLocaleFeatureValidatorTests.swift	1	9	36	OK
firefox-ios/firefox-ios-tests/Tests/ClientTests/Autofill/FormAutofillHelperTests.swift	1	8	2	OK
firefox-ios/firefox-ios-tests/Tests/ClientTests/BrowserViewControllerStateTests.swift	1	33	513	OK
firefox-ios/firefox-ios-tests/Tests/ClientTests/BrowserViewControllerTests.swift	1	50	644	OK
firefox-ios/firefox-ios-tests/Tests/ClientTests/Coordinators/BrowserCoordinatorTests.swift	12	235	620	OK
firefox-ios/firefox-ios-tests/Tests/ClientTests/Coordinators/Launch/LaunchCoordinatorTests.swift	2	20	64	OK
firefox-ios/firefox-ios-tests/Tests/ClientTests/Coordinators/LaunchView/LaunchScreenViewControllerTests.swift	1	12	20	OK
firefox-ios/firefox-ios-tests/Tests/ClientTests/Coordinators/LaunchView/LaunchScreenViewModelTests.swift	6	49	450	OK
firefox-ios/firefox-ios-tests/Tests/ClientTests/Coordinators/LaunchView/ModernLaunchScreenViewControllerTests.swift	1	31	12	OK
firefox-ios/firefox-ios-tests/Tests/ClientTests/Coordinators/Library/LibraryCoordinatorTests.swift	1	7	7	OK
firefox-ios/firefox-ios-tests/Tests/ClientTests/Coordinators/RouteTests.swift	28	127	428	OK
firefox-ios/firefox-ios-tests/Tests/ClientTests/Coordinators/SettingsCoordinatorTests.swift	5	49	62	OK
firefox-ios/firefox-ios-tests/Tests/ClientTests/Coordinators/URLScannerTests.swift	7	21	7	OK
firefox-ios/firefox-ios-tests/Tests/ClientTests/CreditCard/AccessoryViewProviderTests.swift	2	4	5	OK
firefox-ios/firefox-ios-tests/Tests/ClientTests/CreditCard/CreditCardInputViewModelTests.swift	1	9	1	OK
firefox-ios/firefox-ios-tests/Tests/ClientTests/CreditCard/CreditCardValidatorTests.swift	1	19	30	OK
firefox-ios/firefox-ios-tests/Tests/ClientTests/DateGroupedTableDataTests.swift	2	45	103	OK
firefox-ios/firefox-ios-tests/Tests/ClientTests/DependencyInjection/DependencyHelperMock.swift	8	97	37	OK
firefox-ios/firefox-ios-tests/Tests/ClientTests/DownloadProgressManagerTests.swift	1	2	1	OK
firefox-ios/firefox-ios-tests/Tests/ClientTests/EventQueueTests.swift	1	56	45	OK
firefox-ios/firefox-ios-tests/Tests/ClientTests/Frontend/Browser/SearchEngines/MockSearchEngineProvider.swift	3	16	12	OK
firefox-ios/firefox-ios-tests/Tests/ClientTests/Frontend/Browser/SearchEngines/OpenSearchEngineTests.swift	1	7	37	OK
firefox-ios/firefox-ios-tests/Tests/ClientTests/Frontend/Browser/SearchEngines/SearchEngineSelectionStateTests.swift	1	10	33	OK
firefox-ios/firefox-ios-tests/Tests/ClientTests/Frontend/Browser/SearchEngines/SearchEnginesManagerTests.swift	2	19	22	OK
firefox-ios/firefox-ios-tests/Tests/ClientTests/Frontend/Browser/WebView/WebViewNavigationHandlerTests.swift	1	5	0	OK
firefox-ios/firefox-ios-tests/Tests/ClientTests/Frontend/ContextualHints/ContextualHintEligibilityUtilityTests.swift	2	147	13	OK
firefox-ios/firefox-ios-tests/Tests/ClientTests/Frontend/Homepage/HomepageDiffableDataSourceTests.swift	2	26	2	OK
firefox-ios/firefox-ios-tests/Tests/ClientTests/Frontend/Homepage/HomepageDimensionCalculatorTests.swift	3	7	3	OK
firefox-ios/firefox-ios-tests/Tests/ClientTests/Frontend/Homepage/HomepageViewControllerTests.swift	1	5	3	OK
firefox-ios/firefox-ios-tests/Tests/ClientTests/FxAWebViewModelTests.swift	1	9	8	OK
firefox-ios/firefox-ios-tests/Tests/ClientTests/Helpers/AccountSyncHandlerTests.swift	5	43	48	OK
firefox-ios/firefox-ios-tests/Tests/ClientTests/Helpers/IntroScreenManagerTests.swift	1	28	83	OK
firefox-ios/firefox-ios-tests/Tests/ClientTests/Helpers/PrivacyNoticeHelperTests.swift	1	7	0	OK
firefox-ios/firefox-ios-tests/Tests/ClientTests/Helpers/RatingPromptManagerTests.swift	3	174	113	OK
firefox-ios/firefox-ios-tests/Tests/ClientTests/Library/Bookmarks/BookmarkPanelViewModelTests.swift	3	42	191	OK
firefox-ios/firefox-ios-tests/Tests/ClientTests/Library/Bookmarks/DefaultBookmarksSaverTests.swift	2	27	122	OK
firefox-ios/firefox-ios-tests/Tests/ClientTests/Library/DownloadsPanelViewModelTests.swift	3	67	58	OK
firefox-ios/firefox-ios-tests/Tests/ClientTests/Library/HistoryPanelViewModelTests.swift	2	12	4	OK
firefox-ios/firefox-ios-tests/Tests/ClientTests/Messaging/GleanPlumbMessageManagerTests.swift	4	40	59	OK
firefox-ios/firefox-ios-tests/Tests/ClientTests/Microsurvey/MicrosurveySurfaceManagerTests.swift	4	28	12	OK
firefox-ios/firefox-ios-tests/Tests/ClientTests/Mocks/MockBrowserViewController.swift	2	27	44	OK
firefox-ios/firefox-ios-tests/Tests/ClientTests/Mocks/MockCreditCardProvider.swift	NA	NA	NA	NO_BASELINE_AT_147.1
firefox-ios/firefox-ios-tests/Tests/ClientTests/Mocks/MockLaunchScreenManager.swift	1	2	39	OK
firefox-ios/firefox-ios-tests/Tests/ClientTests/Mocks/MockProfile.swift	3	61	51	OK
firefox-ios/firefox-ios-tests/Tests/ClientTests/Mocks/MockSettingsDelegate.swift	1	2	0	OK
firefox-ios/firefox-ios-tests/Tests/ClientTests/Mocks/MockSettingsFlowDelegate.swift	1	12	14	OK
firefox-ios/firefox-ios-tests/Tests/ClientTests/Mocks/MockTabManager.swift	2	67	31	OK
firefox-ios/firefox-ios-tests/Tests/ClientTests/Mocks/MockWebKit.swift	2	47	66	OK
firefox-ios/firefox-ios-tests/Tests/ClientTests/OnboardingTests/NimbusOnboardingFeatureLayerTests.swift	1	11	8	OK
firefox-ios/firefox-ios-tests/Tests/ClientTests/OnboardingTests/NimbusOnboardingKitFeatureLayerTests.swift	4	12	4	OK
firefox-ios/firefox-ios-tests/Tests/ClientTests/OnboardingTests/UpdateViewModelTests.swift	1	13	22	OK
firefox-ios/firefox-ios-tests/Tests/ClientTests/OverlayModeManagerTests.swift	4	15	18	OK
firefox-ios/firefox-ios-tests/Tests/ClientTests/PasswordManagerViewModelTests.swift	2	19	15	OK
firefox-ios/firefox-ios-tests/Tests/ClientTests/ProfileTest.swift	NA	NA	NA	NO_BASELINE_AT_147.1
firefox-ios/firefox-ios-tests/Tests/ClientTests/Settings/SummarizeSettingsViewControllerTests.swift	1	8	1	OK
firefox-ios/firefox-ios-tests/Tests/ClientTests/Settings/ThemeSettingsControllerTests.swift	1	19	11	OK
firefox-ios/firefox-ios-tests/Tests/ClientTests/Settings/VersionSettingTests.swift	1	9	5	OK
firefox-ios/firefox-ios-tests/Tests/ClientTests/Sharing/ShareManagerTests.swift	6	23	3	OK
firefox-ios/firefox-ios-tests/Tests/ClientTests/Sharing/URLActivityItemProviderTests.swift	2	9	0	OK
firefox-ios/firefox-ios-tests/Tests/ClientTests/StartAtHome/StartAtHomeMiddlewareTests.swift	1	6	1	OK
firefox-ios/firefox-ios-tests/Tests/ClientTests/Toolbar/NavigationBarStateTests.swift	5	27	3	OK
firefox-ios/firefox-ios-tests/Tests/ClientTests/Utils/DefaultBackgroundTabLoaderTests.swift	1	10	19	OK
firefox-ios/firefox-ios-tests/Tests/ClientTests/Utils/StoreTestUtility.swift	2	34	17	OK
firefox-ios/firefox-ios-tests/Tests/ClientTests/Wallpaper/WallpaperCodableTests.swift	NA	NA	NA	NO_BASELINE_AT_147.1
firefox-ios/firefox-ios-tests/Tests/ClientTests/Wallpaper/WallpaperSettingsViewModelTests.swift	6	103	37	OK
firefox-ios/firefox-ios-tests/Tests/ClientTests/XCTestCaseExtensions.swift	1	30	76	OK
firefox-ios/firefox-ios-tests/Tests/SharedTests/UserAgentTests.swift	7	87	2	OK
firefox-ios/firefox-ios-tests/Tests/SyncTelemetryTests/FxALoginRegistrationTelemetryTests.swift	1	14	64	OK
